{
  "project_info": {
    "project_number": "492817755134",
    "firebase_url": "https://payingguestapp-32c7d.firebaseio.com",
    "project_id": "payingguestapp-32c7d",
    "storage_bucket": "payingguestapp-32c7d.appspot.com"
  },
  "client": [
    {
      "client_info": {
        "mobilesdk_app_id": "1:492817755134:android:ee2de94650a05b5b",
        "android_client_info": {
          "package_name": "com.example.jamali_bro.payingguestapp"
        }
      },
      "oauth_client": [
        {
          "client_id": "492817755134-gsllr60r1uk20s32qe56ur5l94juknd6.apps.googleusercontent.com",
          "client_type": 1,
          "android_info": {
            "package_name": "com.example.jamali_bro.payingguestapp",
            "certificate_hash": "73a1d0bf4150d7f72689d515f9a933e954fde45f"
          }
        },
        {
          "client_id": "492817755134-ccppkgk4tn46v4rivjmuk1qdhpd9oeg2.apps.googleusercontent.com",
          "client_type": 1,
          "android_info": {
            "package_name": "com.example.jamali_bro.payingguestapp",
            "certificate_hash": "2844c315d3b7db98fb7a16cd85eba1a73c9d434a"
          }
        },
        {
          "client_id": "492817755134-nh3mj5upte3t999dag4k2fgvl9dt0uu0.apps.googleusercontent.com",
          "client_type": 3
        }
      ],
      "api_key": [
        {
          "current_key": "AIzaSyCors6Y7b5zd6oCyyZWIYRHfS5dnQCjpnM"
        }
      ],
      "services": {
        "analytics_service": {
          "status": 1
        },
        "appinvite_service": {
          "status": 2,
          "other_platform_oauth_client": [
            {
              "client_id": "492817755134-nh3mj5upte3t999dag4k2fgvl9dt0uu0.apps.googleusercontent.com",
              "client_type": 3
            }
          ]
        },
        "ads_service": {
          "status": 2
        }
      }
    }
  ],
  "configuration_version": "1"
}